CustomerID,Tenure,NumPurchases,NumReturns,AvgOrderValue,PurchaseFreq,Complaints,LastPurchase,Loyalty,Engagement,SpecialOffer,Churned
1,29,19,11,83.64,Monthly,0,2023-10-15,Yes,Low,Yes,0
2,15,16,2,25.11,Quarterly,1,2024-09-19,Yes,Medium,Yes,0
3,8,19,6,45.76,Quarterly,0,2023-12-04,No,High,No,0
4,21,4,0,25.95,Quarterly,0,2025-05-27,Yes,Medium,No,1
5,19,18,3,80.38,Monthly,1,2025-07-02,No,Medium,Yes,1
6,23,2,0,88.66,Monthly,0,2023-02-06,Yes,Low,No,0
7,11,1,0,31.45,Quarterly,2,2025-03-04,Yes,High,No,1
8,11,15,3,58.38,Quarterly,0,2023-05-17,Yes,Low,No,0
9,24,5,2,65.62,Bi-Annual,0,2024-05-22,Yes,Medium,Yes,0
10,36,11,7,56.91,Quarterly,0,2023-08-15,Yes,Low,Yes,0
11,24,10,0,32.1,Monthly,2,2023-11-16,Yes,Low,Yes,0
12,3,2,0,61.89,Quarterly,0,2025-04-19,Yes,High,Yes,1
13,22,3,0,95.12,Quarterly,1,2025-07-04,Yes,High,No,1
14,2,12,6,27.1,Monthly,2,2023-07-01,Yes,Low,Yes,0
15,24,5,0,28.02,Quarterly,1,2025-05-23,No,High,No,1
16,30,5,1,55.48,Monthly,2,2023-03-27,Yes,Low,Yes,0
17,2,6,2,114.17,Monthly,0,2024-04-11,Yes,Low,No,0
18,21,9,1,86.86,Quarterly,1,2025-07-14,No,Low,Yes,1
19,33,2,0,87.87,Monthly,0,2023-02-22,Yes,Medium,No,0
20,12,12,4,56.19,Monthly,0,2025-05-09,No,Medium,No,1
21,22,3,1,79.37,Monthly,2,2025-05-16,Yes,Medium,No,1
22,25,12,2,21.01,Monthly,0,2023-08-23,Yes,High,Yes,0
23,27,17,6,83.61,Monthly,1,2025-08-16,No,Low,Yes,1
24,28,10,2,111.33,Monthly,0,2025-02-17,Yes,Low,No,0
25,16,14,5,81.26,Bi-Annual,0,2025-03-09,No,Medium,Yes,1
26,15,17,6,107.37,Monthly,0,2024-03-08,Yes,Low,Yes,0
27,3,18,4,92.4,Monthly,0,2024-05-10,Yes,High,Yes,0
28,7,19,12,32.06,Monthly,0,2023-04-10,No,Medium,No,0
29,21,17,5,110.25,Quarterly,0,2024-08-21,Yes,Low,No,0
30,9,14,4,26.64,Monthly,0,2024-02-07,No,Low,Yes,0
31,18,9,5,73.4,Quarterly,1,2024-01-31,Yes,Medium,Yes,0
32,4,8,1,34.21,Quarterly,0,2024-06-10,Yes,Low,Yes,0
33,25,2,0,21.17,Quarterly,1,2024-02-19,Yes,Medium,No,0
34,14,13,4,62.2,Monthly,1,2025-07-27,No,Medium,Yes,1
35,9,7,4,49.5,Quarterly,0,2024-09-04,Yes,Medium,Yes,0
36,26,9,1,68.6,Monthly,1,2024-11-07,Yes,Low,No,0
37,2,11,6,77.72,Bi-Annual,3,2024-04-07,No,High,No,0
38,20,14,9,24.37,Quarterly,0,2024-06-24,No,Medium,No,0
39,28,4,2,32.3,Monthly,0,2024-09-17,Yes,Medium,No,0
40,7,13,4,75.86,Monthly,0,2024-09-10,Yes,Low,Yes,0
41,8,2,0,54.32,Monthly,1,2025-07-10,Yes,Medium,No,1
42,35,5,0,92.92,Quarterly,0,2023-12-30,Yes,Medium,Yes,0
43,14,11,4,85.23,Monthly,2,2023-05-10,Yes,High,No,0
44,17,6,0,104.56,Monthly,0,2023-03-25,Yes,Medium,Yes,0
45,36,18,9,89.25,Monthly,0,2023-09-28,Yes,Low,No,0
46,4,10,1,62.99,Quarterly,0,2023-09-01,No,Medium,No,0
47,2,4,0,87.3,Quarterly,0,2024-01-23,No,Low,Yes,0
48,6,9,4,47.54,Quarterly,1,2023-08-02,Yes,High,No,0
49,4,6,0,50.63,Quarterly,0,2025-03-28,Yes,Low,Yes,1
50,29,2,0,98.9,Monthly,3,2023-06-15,Yes,Medium,Yes,0
51,18,17,1,64.64,Monthly,0,2025-03-01,Yes,High,Yes,1
52,26,5,0,99.84,Quarterly,1,2023-02-28,No,Medium,Yes,0
53,34,6,0,102.24,Monthly,0,2024-08-24,Yes,Low,Yes,0
54,10,12,3,105.76,Monthly,1,2025-06-01,Yes,Low,No,1
55,36,10,0,111.66,Monthly,0,2025-04-22,Yes,Medium,Yes,1
56,14,6,2,63.1,Monthly,1,2025-07-12,Yes,Low,Yes,1
57,31,8,0,51.89,Monthly,0,2024-05-18,Yes,High,Yes,0
58,15,2,0,78.22,Quarterly,0,2024-12-06,Yes,High,No,0
59,8,12,4,57.12,Monthly,0,2023-05-03,Yes,Medium,No,0
60,14,13,3,80.11,Monthly,0,2024-10-09,Yes,Medium,No,0
61,23,7,4,90.56,Monthly,2,2024-02-17,No,Low,No,0
62,21,10,1,88.84,Quarterly,0,2023-05-19,No,Medium,No,0
63,16,13,3,57.46,Monthly,0,2023-08-17,Yes,High,No,0
64,18,17,1,36.69,Quarterly,0,2023-10-01,Yes,Medium,No,0
65,24,14,3,63.05,Quarterly,0,2024-03-14,Yes,High,Yes,0
66,26,2,0,34.26,Monthly,0,2024-07-15,Yes,High,No,0
67,25,11,7,109.01,Bi-Annual,2,2025-06-28,Yes,Medium,No,1
68,29,1,0,54.59,Bi-Annual,1,2023-04-28,Yes,Medium,No,0
69,15,19,11,35.45,Quarterly,0,2024-12-14,Yes,Medium,No,0
70,1,4,1,22.54,Quarterly,0,2025-06-23,Yes,Medium,No,1
71,25,19,7,84.58,Monthly,0,2024-04-27,Yes,High,No,0
72,7,11,2,83.69,Monthly,2,2024-01-30,Yes,High,Yes,0
73,9,8,0,54.06,Monthly,2,2024-12-03,No,Medium,Yes,0
74,24,11,4,27.17,Monthly,0,2025-05-25,Yes,High,Yes,1
75,1,4,0,60.96,Bi-Annual,0,2024-04-04,Yes,Medium,No,0
76,8,17,5,51.12,Monthly,1,2025-04-14,Yes,High,No,1
77,24,7,1,87.71,Quarterly,1,2024-11-23,No,Medium,No,0
78,11,8,4,80.58,Quarterly,1,2025-07-23,No,High,No,1
79,17,3,1,56.46,Quarterly,2,2023-03-19,No,High,No,0
80,8,2,0,41.79,Bi-Annual,1,2025-08-09,Yes,Medium,No,1
81,35,15,0,118.8,Monthly,1,2024-02-16,Yes,Low,No,0
82,35,5,0,65.4,Monthly,0,2023-03-16,No,High,No,0
83,33,1,0,88.83,Monthly,1,2023-10-22,Yes,Medium,No,0
84,5,4,0,34.06,Monthly,2,2025-03-03,Yes,Low,Yes,1
85,28,15,7,68.56,Monthly,1,2023-01-21,No,Medium,No,0
86,7,19,8,22.75,Monthly,0,2025-06-24,Yes,Low,Yes,1
87,9,3,0,70.55,Quarterly,0,2023-06-20,Yes,High,Yes,0
88,8,11,0,116.4,Monthly,4,2023-01-15,Yes,Low,No,0
89,12,17,1,58.42,Monthly,0,2023-07-30,Yes,Medium,No,0
90,34,13,0,23.9,Quarterly,1,2024-07-13,Yes,Medium,No,0
91,33,11,1,23.1,Monthly,0,2023-03-27,Yes,Low,Yes,0
92,23,2,0,58.8,Monthly,0,2023-05-29,No,Medium,Yes,0
93,24,9,1,36.0,Quarterly,1,2024-11-30,Yes,Medium,Yes,0
94,35,2,0,22.34,Quarterly,0,2024-01-07,No,Low,Yes,0
95,22,9,1,95.62,Quarterly,1,2024-04-24,Yes,Medium,Yes,0
96,27,9,3,65.85,Monthly,1,2025-03-28,Yes,High,Yes,1
97,35,8,4,48.92,Quarterly,1,2023-05-31,No,Medium,Yes,0
98,1,17,11,110.01,Quarterly,0,2023-05-21,No,High,Yes,0
99,35,1,0,31.61,Monthly,1,2023-03-10,Yes,Low,Yes,0
100,14,11,2,115.59,Quarterly,0,2023-09-17,No,Low,No,0
101,3,8,1,51.4,Quarterly,1,2025-04-25,No,Medium,Yes,1
102,1,10,2,108.84,Monthly,2,2024-06-04,No,Medium,No,0
103,5,7,0,80.29,Monthly,1,2024-09-24,Yes,High,No,0
104,26,3,0,102.67,Bi-Annual,0,2024-01-06,No,High,Yes,0
105,14,3,0,118.4,Quarterly,0,2024-02-23,No,Low,No,0
106,27,18,11,48.84,Monthly,1,2023-04-11,No,High,No,0
107,9,5,2,116.11,Quarterly,0,2024-10-22,Yes,Medium,No,0
108,15,12,7,58.95,Monthly,0,2025-08-11,Yes,Low,Yes,1
109,15,12,2,58.55,Monthly,1,2024-10-19,Yes,Low,No,0
110,26,19,4,54.04,Monthly,1,2025-05-14,Yes,Medium,No,1
111,13,6,3,74.14,Bi-Annual,2,2023-08-31,No,Medium,Yes,0
112,32,2,0,35.41,Bi-Annual,1,2025-01-22,Yes,Medium,Yes,0
113,32,12,0,75.37,Monthly,1,2024-05-26,Yes,Low,Yes,0
114,4,19,6,74.17,Monthly,0,2025-04-28,No,Medium,No,1
115,30,5,0,96.19,Monthly,2,2024-07-08,Yes,Medium,Yes,0
116,23,12,7,103.36,Bi-Annual,0,2023-04-05,Yes,High,No,0
117,15,17,7,64.04,Bi-Annual,2,2023-08-14,Yes,High,Yes,0
118,29,17,8,50.23,Quarterly,2,2024-06-01,Yes,Medium,No,0
119,36,10,6,45.93,Quarterly,2,2023-08-02,Yes,Low,Yes,0
120,13,17,10,39.46,Quarterly,0,2024-12-18,No,Low,Yes,0
121,32,15,0,25.76,Monthly,0,2023-03-08,Yes,Low,No,0
122,7,12,2,54.24,Monthly,0,2024-01-31,Yes,Medium,Yes,0
123,22,16,7,47.02,Monthly,0,2024-09-03,Yes,Low,Yes,0
124,28,19,2,116.64,Quarterly,0,2023-01-12,Yes,Low,Yes,0
125,2,8,0,75.77,Quarterly,1,2023-08-25,Yes,Medium,No,0
126,6,17,4,54.73,Monthly,0,2025-04-13,Yes,Medium,No,1
127,28,5,0,78.05,Bi-Annual,1,2025-02-08,Yes,Medium,No,0
128,28,16,7,33.92,Monthly,0,2024-02-03,No,Low,Yes,0
129,20,6,1,64.4,Monthly,0,2024-02-11,Yes,Medium,Yes,0
130,30,8,5,82.62,Quarterly,1,2025-07-13,Yes,Low,No,1
131,11,18,3,68.89,Quarterly,0,2025-04-28,No,Medium,No,1
132,28,12,3,60.18,Quarterly,0,2024-04-24,Yes,Low,Yes,0
133,25,15,2,119.38,Monthly,1,2024-10-08,Yes,Medium,Yes,0
134,33,9,2,108.03,Monthly,1,2023-08-10,Yes,Low,Yes,0
135,1,13,2,82.34,Quarterly,2,2023-06-05,Yes,Medium,No,0
136,27,15,10,76.94,Monthly,0,2024-10-15,Yes,Low,Yes,0
137,13,10,1,82.07,Monthly,1,2024-03-03,Yes,Medium,No,0
138,3,16,4,40.13,Quarterly,1,2023-06-07,Yes,Medium,Yes,0
139,6,7,4,59.51,Monthly,4,2024-02-20,Yes,Medium,Yes,0
140,8,17,5,23.95,Quarterly,1,2023-11-22,Yes,Medium,Yes,0
141,27,7,1,67.55,Quarterly,0,2024-01-06,Yes,Medium,Yes,0
142,9,14,5,74.3,Monthly,1,2023-12-10,No,Medium,Yes,0
143,33,15,0,42.77,Monthly,0,2023-09-19,No,Low,Yes,0
144,24,7,0,116.4,Quarterly,0,2023-10-10,No,Medium,Yes,0
145,15,9,0,110.95,Quarterly,1,2025-04-29,Yes,Medium,Yes,1
146,32,19,1,92.21,Quarterly,1,2025-05-05,Yes,Medium,Yes,1
147,32,16,1,73.34,Quarterly,2,2023-08-17,Yes,Medium,No,0
148,24,8,2,107.0,Quarterly,0,2025-06-06,Yes,Low,No,1
149,12,18,0,33.07,Bi-Annual,0,2023-10-07,Yes,Medium,No,0
150,2,18,3,99.05,Monthly,3,2025-05-19,Yes,Low,Yes,1
151,3,7,3,32.48,Monthly,2,2023-10-17,Yes,Medium,Yes,0
152,17,3,1,99.42,Monthly,1,2024-11-10,Yes,High,Yes,0
153,2,18,8,47.58,Monthly,0,2023-02-16,No,Low,No,0
154,2,10,0,107.71,Monthly,2,2024-12-15,Yes,Medium,Yes,0
155,28,7,0,114.4,Monthly,0,2023-08-02,Yes,High,Yes,0
156,23,17,9,34.88,Bi-Annual,1,2025-01-27,Yes,Medium,No,0
157,32,14,6,66.27,Monthly,0,2023-01-24,Yes,Low,Yes,0
158,33,3,1,118.1,Monthly,2,2023-11-17,Yes,Medium,Yes,0
159,1,12,1,68.34,Monthly,0,2023-10-01,Yes,Medium,Yes,0
160,19,13,4,106.35,Monthly,0,2024-07-09,Yes,Medium,No,0
161,2,2,0,78.87,Monthly,0,2025-04-23,No,Medium,No,1
162,26,3,1,57.53,Monthly,2,2023-11-09,No,Low,Yes,0
163,32,5,2,48.58,Monthly,3,2023-12-29,No,Medium,Yes,0
164,6,11,7,40.32,Quarterly,1,2024-10-29,No,Medium,No,0
165,32,8,1,96.18,Quarterly,0,2024-01-15,Yes,Low,Yes,0
166,4,12,5,58.65,Quarterly,0,2024-12-11,Yes,Medium,No,0
167,11,7,4,71.13,Quarterly,1,2025-07-07,Yes,Medium,No,1
168,17,15,4,69.23,Monthly,0,2024-11-04,Yes,Medium,Yes,0
169,24,17,11,77.73,Quarterly,0,2025-06-25,Yes,Medium,Yes,1
170,5,4,1,106.56,Quarterly,2,2024-04-14,No,Medium,No,0
171,34,13,0,118.07,Monthly,3,2025-01-15,Yes,Medium,Yes,0
172,6,18,7,60.76,Quarterly,2,2024-11-05,Yes,Medium,Yes,0
173,22,1,0,102.75,Monthly,0,2023-04-26,Yes,Medium,No,0
174,11,16,1,96.45,Quarterly,1,2024-08-27,No,Medium,Yes,0
175,16,13,6,77.35,Bi-Annual,1,2023-02-11,Yes,High,Yes,0
176,33,10,0,115.6,Monthly,0,2025-03-06,No,Medium,Yes,1
177,9,12,8,40.05,Quarterly,2,2024-01-14,No,Low,No,0
178,6,2,0,30.93,Quarterly,1,2024-12-22,No,Medium,Yes,0
179,16,3,1,105.4,Bi-Annual,2,2023-07-25,No,Low,No,0
180,29,10,2,63.91,Monthly,1,2024-04-10,No,Medium,No,0
181,3,2,0,104.7,Quarterly,1,2025-01-01,Yes,Low,Yes,0
182,20,13,8,109.31,Monthly,2,2023-10-07,Yes,Low,Yes,0
183,36,13,1,26.25,Monthly,0,2024-10-09,Yes,High,Yes,0
184,19,18,5,108.35,Monthly,1,2024-09-09,Yes,Medium,No,0
185,26,3,1,64.83,Bi-Annual,0,2023-04-28,No,Medium,No,0
186,3,7,3,71.04,Quarterly,1,2023-08-25,Yes,Medium,No,0
187,19,14,4,82.66,Quarterly,1,2023-11-05,No,High,Yes,0
188,20,17,11,112.64,Bi-Annual,0,2024-03-31,Yes,Low,No,0
189,32,12,2,21.91,Monthly,2,2025-06-18,Yes,High,Yes,1
190,7,16,0,67.68,Monthly,1,2024-04-19,No,Medium,No,0
191,33,12,7,88.77,Monthly,1,2023-04-10,Yes,Medium,No,0
192,18,15,4,92.27,Monthly,3,2023-09-18,Yes,Medium,Yes,0
193,1,10,2,89.25,Monthly,2,2023-11-01,Yes,Low,Yes,0
194,11,7,1,33.44,Monthly,0,2023-12-20,Yes,Low,No,0
195,28,5,1,49.94,Monthly,2,2023-10-13,Yes,Medium,No,0
196,25,1,0,55.87,Monthly,0,2023-11-24,Yes,Medium,Yes,0
197,23,17,6,100.44,Monthly,1,2023-04-13,Yes,Medium,Yes,0
198,31,3,0,47.88,Monthly,2,2023-03-04,No,Low,No,0
199,30,13,0,41.07,Bi-Annual,0,2024-11-17,No,High,Yes,0
200,35,14,8,115.74,Quarterly,0,2023-10-09,Yes,Medium,Yes,0
201,7,18,1,20.89,Bi-Annual,1,2024-03-16,Yes,Low,Yes,0
202,16,4,0,119.78,Monthly,1,2023-10-20,No,Medium,Yes,0
203,26,18,12,87.68,Monthly,0,2025-01-07,Yes,Low,No,0
204,2,5,1,102.85,Quarterly,0,2023-01-07,Yes,High,No,0
205,1,16,4,49.46,Monthly,2,2024-09-30,Yes,Low,No,0
206,12,1,0,21.43,Monthly,0,2025-07-24,No,High,Yes,1
207,5,14,7,93.79,Monthly,0,2023-04-02,Yes,Medium,No,0
208,32,15,7,103.41,Monthly,1,2025-07-23,Yes,Medium,Yes,1
209,9,9,5,94.05,Monthly,1,2023-07-09,Yes,Low,Yes,0
210,35,15,6,34.29,Monthly,1,2025-05-20,Yes,Medium,No,1
211,19,17,6,95.34,Quarterly,1,2024-04-20,Yes,High,Yes,0
212,16,4,2,96.89,Monthly,0,2024-05-25,Yes,Medium,No,0
213,3,12,5,85.85,Monthly,1,2024-04-06,No,Medium,Yes,0
214,20,5,1,96.61,Quarterly,0,2023-02-22,No,Medium,No,0
215,24,5,2,104.59,Monthly,0,2025-01-23,Yes,Low,Yes,0
216,33,11,0,81.36,Monthly,1,2024-04-30,Yes,Medium,Yes,0
217,24,6,1,28.86,Quarterly,2,2024-10-05,Yes,Medium,Yes,0
218,11,7,3,68.76,Monthly,1,2024-05-04,No,High,No,0
219,8,14,1,27.76,Monthly,1,2023-12-30,No,Medium,No,0
220,36,11,1,60.75,Monthly,0,2023-04-22,Yes,Medium,No,0
221,20,13,4,60.71,Monthly,2,2024-02-13,Yes,Medium,No,0
222,35,2,0,26.6,Monthly,1,2023-01-07,No,High,No,0
223,25,7,3,54.88,Quarterly,0,2025-01-11,Yes,Medium,Yes,0
224,35,4,2,31.1,Monthly,0,2024-10-29,Yes,Low,Yes,0
225,25,8,1,100.82,Monthly,0,2023-07-16,Yes,Medium,No,0
226,29,19,2,114.77,Monthly,0,2025-04-14,Yes,Medium,No,1
227,18,13,6,27.23,Monthly,0,2025-05-25,Yes,Low,No,1
228,18,14,7,115.51,Quarterly,3,2025-01-04,No,Low,Yes,0
229,2,10,3,72.26,Monthly,0,2024-01-02,Yes,Medium,Yes,0
230,35,11,4,49.96,Monthly,0,2023-09-07,Yes,Medium,No,0
231,16,2,0,27.69,Monthly,2,2025-07-04,Yes,Low,No,1
232,36,9,5,70.06,Monthly,0,2024-08-17,Yes,High,Yes,0
233,33,17,10,99.45,Monthly,1,2023-08-28,Yes,Medium,No,0
234,4,3,0,90.71,Quarterly,0,2024-01-15,Yes,Medium,No,0
235,33,6,0,25.02,Monthly,1,2025-06-25,No,Medium,Yes,1
236,14,5,0,27.29,Monthly,0,2025-05-21,Yes,Medium,No,1
237,21,5,2,60.29,Monthly,0,2025-04-14,Yes,Low,No,1
238,20,15,5,49.53,Quarterly,1,2024-04-15,Yes,High,No,0
239,8,17,2,43.24,Monthly,0,2025-02-13,Yes,Medium,No,0
240,7,9,4,48.1,Quarterly,0,2025-07-07,No,Medium,No,1
241,3,3,1,100.35,Quarterly,0,2024-12-01,Yes,Medium,Yes,0
242,17,17,6,112.92,Quarterly,0,2024-03-30,No,Low,Yes,0
243,33,10,3,60.51,Monthly,1,2024-01-01,Yes,Medium,Yes,0
244,12,3,0,110.61,Monthly,0,2023-10-17,No,Low,Yes,0
245,22,18,8,52.15,Quarterly,1,2025-05-23,Yes,Medium,Yes,1
246,22,18,4,67.64,Bi-Annual,2,2024-02-07,Yes,Medium,Yes,0
247,30,17,7,42.6,Quarterly,1,2023-02-27,Yes,Low,Yes,0
248,8,3,1,84.05,Monthly,3,2024-06-04,Yes,Medium,Yes,0
249,27,3,1,117.9,Monthly,0,2023-10-31,No,High,No,0
250,27,6,3,80.35,Monthly,3,2023-04-25,No,Low,Yes,0
251,34,13,7,55.78,Quarterly,1,2023-07-29,Yes,Medium,No,0
252,21,15,0,84.78,Monthly,0,2023-02-10,Yes,Low,No,0
253,30,9,3,32.29,Monthly,0,2025-03-26,Yes,Low,Yes,1
254,33,4,0,108.87,Quarterly,0,2023-06-22,No,Medium,No,0
255,28,14,2,70.31,Monthly,1,2023-08-22,Yes,Medium,No,0
256,33,5,0,64.93,Quarterly,1,2025-03-03,Yes,Medium,Yes,1
257,5,2,0,78.59,Monthly,0,2025-06-02,Yes,Medium,Yes,1
258,19,11,3,82.48,Monthly,0,2024-08-12,No,Low,Yes,0
259,4,9,2,27.18,Monthly,0,2024-09-11,Yes,Low,Yes,0
260,35,3,1,88.26,Quarterly,0,2025-03-03,No,Medium,Yes,1
261,17,9,1,44.19,Monthly,0,2024-02-07,No,High,No,0
262,28,3,1,91.4,Monthly,1,2023-02-08,Yes,Medium,No,0
263,30,2,0,102.25,Bi-Annual,0,2023-04-29,Yes,Medium,No,0
264,29,12,8,100.4,Monthly,0,2023-12-01,No,Low,Yes,0
265,6,10,1,75.25,Monthly,2,2023-12-02,Yes,High,Yes,0
266,35,9,4,72.02,Monthly,0,2024-06-22,No,Low,Yes,0
267,24,15,6,34.29,Monthly,0,2024-09-07,Yes,Medium,Yes,0
268,29,8,2,97.53,Quarterly,1,2023-03-15,Yes,Low,Yes,0
269,31,5,2,47.14,Monthly,0,2023-07-10,No,Medium,No,0
270,35,11,1,69.67,Monthly,0,2023-11-20,Yes,Medium,Yes,0
271,33,2,0,48.43,Monthly,0,2023-05-27,Yes,Medium,No,0
272,21,15,8,33.38,Quarterly,0,2025-02-05,No,Low,Yes,0
273,32,6,3,82.96,Monthly,1,2023-10-11,Yes,Medium,No,0
274,23,8,4,25.43,Monthly,1,2023-08-01,Yes,Medium,No,0
275,33,5,0,94.86,Monthly,0,2024-09-26,Yes,Medium,No,0
276,3,16,3,51.76,Monthly,1,2024-12-18,No,High,Yes,0
277,18,18,3,20.01,Monthly,1,2025-07-17,No,Medium,No,1
278,25,6,1,71.11,Monthly,0,2025-01-21,Yes,Low,No,0
279,31,5,1,24.69,Quarterly,1,2024-01-29,No,High,No,0
280,3,16,9,47.62,Monthly,1,2023-12-05,No,Medium,No,0
281,24,13,5,90.7,Bi-Annual,1,2025-03-08,Yes,Medium,No,1
282,32,5,0,26.27,Bi-Annual,1,2023-01-22,Yes,Medium,Yes,0
283,22,13,8,103.93,Monthly,4,2025-02-09,Yes,High,No,0
284,23,17,1,20.38,Monthly,0,2025-05-18,Yes,Medium,No,1
285,2,18,4,44.68,Monthly,0,2023-04-15,No,High,Yes,0
286,27,8,0,94.09,Quarterly,0,2024-04-10,No,High,Yes,0
287,2,13,3,51.63,Monthly,0,2024-04-03,Yes,Low,Yes,0
288,26,19,10,30.19,Monthly,1,2024-03-07,Yes,Medium,No,0
289,17,3,1,56.02,Monthly,1,2025-02-08,Yes,Low,Yes,0
290,33,8,2,47.04,Quarterly,0,2024-12-16,Yes,High,Yes,0
291,9,2,0,104.27,Quarterly,1,2025-04-01,Yes,Medium,Yes,1
292,29,8,5,51.33,Monthly,2,2025-02-12,Yes,High,No,0
293,26,13,7,98.89,Quarterly,1,2024-09-10,Yes,Medium,Yes,0
294,35,13,2,109.19,Monthly,0,2025-02-01,Yes,Low,No,0
295,25,1,0,63.38,Monthly,0,2025-07-24,No,Low,Yes,1
296,24,6,0,110.99,Quarterly,0,2023-08-09,Yes,High,No,0
297,13,19,9,57.73,Monthly,0,2024-01-14,Yes,Medium,No,0
298,7,16,3,116.41,Monthly,2,2023-08-10,Yes,Medium,Yes,0
299,36,8,4,28.93,Monthly,0,2023-09-15,Yes,Medium,Yes,0
300,20,1,0,88.7,Quarterly,0,2024-12-13,Yes,High,No,0
301,1,16,3,69.38,Quarterly,0,2024-01-02,Yes,Low,Yes,0
302,8,9,3,58.76,Quarterly,1,2025-02-08,No,Low,Yes,0
303,16,13,7,83.27,Quarterly,1,2023-12-15,Yes,Low,No,0
304,14,11,5,90.39,Monthly,1,2023-08-13,No,Low,No,0
305,12,13,2,20.44,Monthly,1,2024-12-14,No,Medium,No,0
306,23,10,1,36.7,Monthly,1,2025-01-07,No,Medium,Yes,0
307,15,4,0,91.3,Monthly,0,2023-08-24,Yes,High,Yes,0
308,28,6,1,86.64,Monthly,4,2023-07-02,No,High,Yes,0
309,34,7,4,116.6,Bi-Annual,0,2024-12-12,Yes,Medium,No,0
310,2,5,1,96.1,Monthly,0,2025-05-18,Yes,Low,No,1
311,32,11,7,115.08,Monthly,0,2025-01-27,No,Low,No,0
312,23,13,6,90.25,Monthly,1,2024-03-19,Yes,Low,Yes,0
313,22,19,4,49.81,Monthly,0,2025-05-14,Yes,Low,No,1
314,25,10,1,30.54,Bi-Annual,2,2024-09-14,Yes,Low,Yes,0
315,22,10,5,98.18,Monthly,0,2023-01-06,Yes,Medium,Yes,0
316,22,11,5,84.41,Monthly,0,2023-08-24,Yes,Low,No,0
317,6,7,3,24.82,Quarterly,0,2023-05-07,Yes,Medium,Yes,0
318,15,18,11,56.01,Monthly,0,2023-04-14,No,Medium,No,0
319,33,4,0,115.68,Monthly,1,2025-01-18,No,Low,No,0
320,8,2,0,70.04,Monthly,1,2025-07-03,No,Low,No,1
321,5,14,3,63.27,Monthly,1,2024-04-24,Yes,High,No,0
322,4,13,0,65.77,Bi-Annual,1,2023-06-04,Yes,High,No,0
323,6,12,6,40.89,Quarterly,0,2023-09-14,No,Medium,No,0
324,32,7,3,56.87,Monthly,0,2023-08-23,No,Medium,Yes,0
325,30,2,0,56.98,Quarterly,1,2024-05-14,Yes,Low,Yes,0
326,35,13,2,25.24,Monthly,1,2023-10-16,Yes,Medium,No,0
327,16,14,7,96.76,Monthly,1,2024-05-24,Yes,High,No,0
328,13,17,4,61.65,Monthly,0,2024-07-05,Yes,Medium,No,0
329,30,9,1,102.22,Monthly,1,2025-03-10,Yes,High,Yes,1
330,19,17,6,105.03,Monthly,0,2024-12-09,No,High,Yes,0
331,17,8,3,41.2,Quarterly,0,2025-02-23,Yes,Low,Yes,0
332,19,2,0,85.74,Bi-Annual,0,2025-06-12,Yes,Medium,No,1
333,28,13,3,67.23,Monthly,0,2025-02-14,Yes,Medium,No,0
334,26,3,1,108.02,Monthly,0,2024-07-22,Yes,High,No,0
335,26,16,7,41.57,Monthly,1,2023-10-25,Yes,Medium,Yes,0
336,23,6,1,87.78,Monthly,1,2024-09-01,Yes,Low,Yes,0
337,9,19,13,80.78,Monthly,0,2023-05-17,Yes,Medium,No,0
338,12,7,1,49.53,Monthly,1,2024-01-11,No,Low,No,0
339,1,10,2,33.66,Quarterly,1,2023-03-28,Yes,Medium,Yes,0
340,1,9,3,85.16,Monthly,1,2024-02-23,Yes,Medium,No,0
341,34,2,0,93.86,Monthly,2,2025-01-23,Yes,Medium,Yes,0
342,32,15,2,51.56,Monthly,0,2023-07-18,No,Medium,No,0
343,25,5,0,84.48,Monthly,0,2024-04-07,Yes,Low,No,0
344,1,4,2,59.51,Monthly,1,2024-03-12,No,Medium,No,0
345,16,4,1,91.32,Quarterly,0,2023-11-06,Yes,Medium,No,0
346,5,18,2,39.92,Monthly,1,2024-08-18,No,High,Yes,0
347,22,4,1,109.02,Quarterly,2,2025-01-23,No,Medium,No,0
348,29,17,7,48.74,Monthly,1,2023-10-08,Yes,Low,No,0
349,3,12,5,56.78,Monthly,0,2023-11-19,Yes,Medium,No,0
350,12,17,4,25.81,Monthly,1,2025-02-02,Yes,Medium,No,0
351,26,10,6,31.15,Quarterly,2,2024-12-02,No,Low,Yes,0
352,16,1,0,71.59,Monthly,0,2025-08-08,Yes,Medium,No,1
353,22,18,3,46.76,Quarterly,1,2025-07-30,Yes,Medium,No,1
354,29,18,2,103.55,Monthly,1,2023-06-01,No,Medium,Yes,0
355,14,14,3,21.47,Quarterly,2,2023-10-29,No,Low,No,0
356,28,15,6,57.91,Monthly,1,2023-10-05,Yes,Low,Yes,0
357,5,12,0,53.73,Quarterly,0,2024-10-12,Yes,Medium,Yes,0
358,30,4,2,21.93,Monthly,1,2024-11-18,Yes,Medium,Yes,0
359,5,3,0,32.44,Bi-Annual,3,2023-01-08,Yes,Low,No,0
360,12,12,1,61.36,Monthly,2,2025-03-17,Yes,High,No,1
361,16,7,3,69.29,Monthly,0,2023-08-23,Yes,Medium,No,0
362,26,11,0,60.43,Monthly,0,2024-11-05,Yes,High,No,0
363,26,1,0,73.09,Quarterly,1,2024-07-14,No,Low,Yes,0
364,21,6,2,79.51,Monthly,1,2023-10-29,Yes,High,Yes,0
365,36,15,10,20.99,Quarterly,1,2023-02-07,Yes,Medium,Yes,0
366,33,15,10,66.41,Monthly,1,2023-05-16,Yes,High,No,0
367,30,19,8,116.35,Monthly,0,2025-04-01,Yes,Medium,No,1
368,23,11,3,71.9,Monthly,0,2024-02-25,Yes,Low,Yes,0
369,10,2,0,87.75,Bi-Annual,1,2023-08-07,Yes,Medium,No,0
370,5,14,5,51.19,Quarterly,0,2023-12-14,No,Medium,No,0
371,36,2,0,97.4,Bi-Annual,3,2025-03-18,Yes,Medium,Yes,1
372,34,4,0,97.29,Monthly,1,2024-06-29,Yes,Medium,No,0
373,31,17,0,72.13,Quarterly,1,2025-05-13,No,Low,No,1
374,10,3,0,117.6,Quarterly,0,2023-03-20,Yes,Medium,No,0
375,19,13,5,32.56,Monthly,0,2025-01-17,No,Low,Yes,0
376,32,9,3,21.69,Quarterly,0,2025-06-13,Yes,Medium,No,1
377,1,7,3,97.02,Bi-Annual,0,2023-09-30,No,Medium,No,0
378,5,15,10,100.72,Quarterly,0,2023-06-10,Yes,Medium,Yes,0
379,4,11,6,32.02,Quarterly,0,2024-11-17,No,Medium,No,0
380,16,2,0,46.56,Monthly,1,2025-05-27,No,Medium,Yes,1
381,24,15,5,21.76,Monthly,2,2023-11-04,Yes,Low,No,0
382,16,14,6,49.33,Bi-Annual,0,2024-01-09,Yes,Medium,No,0
383,2,11,0,97.31,Monthly,1,2025-01-02,No,High,No,0
384,28,3,1,71.8,Quarterly,3,2023-01-09,Yes,Low,Yes,0
385,32,17,4,54.81,Quarterly,0,2025-03-11,Yes,Low,Yes,1
386,27,12,8,57.17,Quarterly,1,2024-03-19,Yes,High,Yes,0
387,20,15,3,20.14,Bi-Annual,1,2023-04-23,No,Medium,Yes,0
388,24,16,9,49.98,Monthly,0,2023-07-24,Yes,Medium,Yes,0
389,12,5,1,84.65,Monthly,2,2024-02-09,Yes,Low,No,0
390,35,6,2,117.42,Monthly,1,2024-11-28,Yes,Low,Yes,0
391,33,19,12,104.71,Monthly,0,2025-05-02,No,Low,No,1
392,33,5,2,22.36,Monthly,1,2023-07-16,No,Low,Yes,0
393,12,3,0,109.86,Monthly,2,2025-02-16,No,Medium,No,0
394,3,1,0,98.32,Quarterly,0,2025-02-12,Yes,Low,No,0
395,1,6,1,98.04,Bi-Annual,0,2025-01-29,No,Medium,No,0
396,33,15,5,65.8,Monthly,1,2023-04-25,Yes,High,No,0
397,10,2,0,59.8,Monthly,1,2023-05-01,Yes,Medium,Yes,0
398,29,3,0,50.29,Bi-Annual,0,2024-10-14,Yes,Low,Yes,0
399,13,17,5,26.57,Monthly,0,2023-03-06,Yes,Low,Yes,0
400,12,12,0,42.82,Monthly,0,2023-10-03,No,High,Yes,0
401,31,18,10,44.66,Monthly,2,2025-04-04,Yes,Low,No,1
402,2,15,2,68.41,Monthly,0,2023-08-27,Yes,Low,Yes,0
403,35,12,4,94.74,Monthly,3,2023-10-29,No,Medium,No,0
404,23,16,2,67.38,Bi-Annual,0,2024-01-27,No,Medium,Yes,0
405,17,8,1,25.78,Monthly,0,2024-06-05,Yes,Low,No,0
406,26,14,2,115.78,Monthly,1,2024-01-04,Yes,Medium,No,0
407,8,17,9,114.27,Monthly,0,2023-08-21,No,High,Yes,0
408,29,8,2,98.52,Monthly,1,2023-07-14,Yes,Low,Yes,0
409,26,15,4,119.13,Quarterly,1,2025-06-25,Yes,Low,No,1
410,10,14,4,74.45,Quarterly,0,2023-01-12,Yes,Medium,No,0
411,26,18,3,116.28,Quarterly,2,2025-06-24,Yes,Low,Yes,1
412,34,7,0,27.56,Monthly,2,2025-07-09,No,Medium,Yes,1
413,7,3,0,56.57,Bi-Annual,0,2024-11-19,Yes,High,No,0
414,4,12,4,42.54,Quarterly,1,2023-06-26,Yes,Medium,No,0
415,11,3,1,39.58,Quarterly,1,2023-08-05,Yes,Medium,Yes,0
416,29,14,5,34.08,Monthly,1,2023-01-11,Yes,Low,No,0
417,36,15,9,82.24,Monthly,1,2024-03-21,Yes,High,No,0
418,25,14,3,98.13,Monthly,1,2024-09-21,Yes,Medium,No,0
419,21,7,1,77.83,Quarterly,0,2023-06-13,Yes,Medium,No,0
420,36,17,2,34.7,Monthly,0,2024-07-04,Yes,Low,No,0
421,10,12,0,101.11,Monthly,1,2023-02-22,Yes,High,Yes,0
422,9,4,0,83.6,Quarterly,0,2023-08-06,Yes,High,No,0
423,24,9,3,58.82,Quarterly,1,2024-12-18,Yes,Medium,Yes,0
424,35,6,1,87.41,Bi-Annual,2,2025-04-03,Yes,Low,No,1
425,35,16,8,45.99,Monthly,0,2023-12-26,No,Medium,Yes,0
426,36,2,0,54.52,Quarterly,1,2024-01-20,Yes,Medium,No,0
427,18,8,5,111.75,Monthly,1,2023-02-25,Yes,High,Yes,0
428,32,11,5,49.05,Monthly,1,2023-04-28,Yes,Low,No,0
429,24,13,8,67.0,Monthly,1,2025-06-18,No,High,Yes,1
430,23,17,3,109.01,Monthly,1,2023-09-10,Yes,Medium,No,0
431,32,8,0,90.77,Monthly,2,2025-03-08,No,Medium,No,1
432,12,18,3,26.22,Quarterly,0,2025-02-18,Yes,Medium,No,0
433,13,18,4,34.73,Monthly,1,2025-03-13,No,Low,No,1
434,23,14,7,20.78,Quarterly,0,2025-04-24,No,Medium,Yes,1
435,25,15,9,83.09,Monthly,0,2023-06-29,Yes,Low,No,0
436,35,6,1,64.77,Monthly,1,2024-02-19,Yes,Low,No,0
437,30,11,5,33.43,Monthly,0,2025-05-19,Yes,Medium,No,1
438,17,13,6,115.79,Monthly,1,2023-08-23,Yes,Low,No,0
439,20,1,0,72.97,Monthly,0,2025-05-04,Yes,Low,No,1
440,25,6,2,44.19,Monthly,1,2024-12-08,Yes,Low,Yes,0
441,22,9,3,70.06,Monthly,0,2025-03-30,Yes,Medium,No,1
442,13,8,5,87.96,Monthly,0,2023-03-21,Yes,Medium,No,0
443,19,11,7,27.62,Monthly,1,2024-10-08,Yes,Medium,No,0
444,36,19,9,47.47,Bi-Annual,0,2023-01-22,Yes,Low,No,0
445,12,9,5,100.7,Monthly,0,2024-04-21,Yes,Medium,Yes,0
446,19,17,9,65.97,Quarterly,1,2025-04-22,No,Medium,Yes,1
447,12,12,8,74.66,Quarterly,0,2024-03-15,Yes,Medium,Yes,0
448,9,14,5,63.28,Bi-Annual,0,2025-01-06,No,Medium,Yes,0
449,7,15,8,24.39,Quarterly,0,2024-07-23,Yes,Medium,No,0
450,28,16,3,36.57,Monthly,1,2023-04-03,Yes,High,No,0
451,14,1,0,64.55,Quarterly,0,2023-07-11,Yes,Medium,Yes,0
452,31,10,2,40.92,Quarterly,0,2023-04-13,Yes,Low,Yes,0
453,19,8,3,25.0,Monthly,0,2024-01-31,No,Medium,No,0
454,16,18,1,104.36,Monthly,0,2023-01-07,Yes,Low,No,0
455,5,1,0,118.12,Monthly,0,2024-10-01,Yes,High,No,0
456,35,2,0,99.31,Quarterly,4,2024-07-20,No,Medium,No,0
457,12,1,0,105.38,Quarterly,1,2023-08-19,Yes,Low,No,0
458,25,1,0,44.2,Monthly,1,2025-05-23,No,Low,Yes,1
459,21,9,1,116.06,Monthly,1,2024-07-27,No,Medium,Yes,0
460,36,13,8,39.69,Monthly,0,2023-08-28,Yes,Low,Yes,0
461,23,1,0,115.14,Monthly,0,2023-03-31,Yes,Low,Yes,0
462,16,13,4,119.48,Bi-Annual,1,2023-08-20,Yes,Low,No,0
463,14,7,3,91.17,Monthly,1,2024-04-01,Yes,Medium,No,0
464,31,2,0,118.11,Monthly,1,2023-08-21,Yes,High,Yes,0
465,5,6,1,76.95,Monthly,0,2023-12-20,No,Medium,Yes,0
466,35,7,0,45.95,Quarterly,0,2023-11-29,No,Medium,Yes,0
467,23,14,6,63.7,Monthly,2,2024-03-14,Yes,High,No,0
468,29,18,5,79.36,Quarterly,0,2024-01-10,Yes,Low,No,0
469,11,15,1,27.31,Monthly,0,2023-10-19,Yes,High,Yes,0
470,18,2,0,82.23,Monthly,1,2023-12-11,Yes,Medium,Yes,0
471,12,10,2,118.12,Monthly,1,2024-10-25,No,Medium,No,0
472,9,12,3,39.01,Monthly,2,2024-03-03,Yes,Low,No,0
473,10,17,7,99.26,Monthly,0,2024-10-18,Yes,Medium,Yes,0
474,17,8,4,110.79,Bi-Annual,1,2023-05-10,Yes,Low,No,0
475,7,11,1,114.37,Quarterly,0,2023-05-21,No,Medium,No,0
476,13,3,1,116.01,Bi-Annual,3,2024-02-19,Yes,Low,Yes,0
477,9,6,3,72.15,Monthly,0,2023-04-03,No,Low,Yes,0
478,27,9,5,117.73,Bi-Annual,0,2024-09-17,Yes,Medium,Yes,0
479,2,6,0,95.73,Monthly,0,2023-10-11,No,Low,No,0
480,5,9,4,36.17,Monthly,3,2025-08-13,Yes,High,No,1
481,29,7,1,67.69,Monthly,0,2025-07-11,Yes,Medium,No,1
482,19,9,4,91.83,Monthly,1,2024-10-16,No,High,No,0
483,8,18,1,44.73,Quarterly,0,2023-08-11,Yes,Medium,No,0
484,1,12,4,84.06,Monthly,1,2025-01-13,Yes,Low,No,0
485,22,8,2,86.66,Monthly,0,2024-04-07,Yes,High,No,0
486,17,8,1,36.27,Quarterly,1,2024-06-28,No,Medium,Yes,0
487,7,18,4,76.51,Monthly,1,2023-10-03,No,Medium,No,0
488,25,15,7,97.16,Monthly,0,2024-11-12,Yes,Medium,No,0
489,4,7,0,69.89,Monthly,0,2023-05-20,Yes,Medium,No,0
490,36,11,2,21.21,Quarterly,1,2023-12-23,No,Low,Yes,0
491,6,16,2,20.9,Quarterly,1,2024-12-13,Yes,High,No,0
492,31,4,0,55.7,Monthly,0,2023-01-23,No,Medium,No,0
493,19,6,0,112.62,Monthly,0,2025-01-05,Yes,Medium,Yes,0
494,27,3,1,42.87,Monthly,2,2025-05-29,No,Medium,No,1
495,10,9,3,83.44,Quarterly,2,2023-09-27,No,Medium,Yes,0
496,26,10,0,42.21,Monthly,1,2025-05-08,No,Low,No,1
497,19,14,8,52.17,Monthly,3,2024-10-26,Yes,Medium,No,0
498,3,11,0,104.8,Monthly,0,2023-11-29,Yes,Medium,No,0
499,13,18,1,92.89,Monthly,1,2023-03-26,Yes,High,Yes,0
500,28,12,4,29.54,Monthly,0,2024-09-12,Yes,Medium,Yes,0
501,20,12,3,62.87,Quarterly,3,2023-01-31,Yes,Low,No,0
502,28,13,8,22.92,Monthly,2,2025-01-10,Yes,High,Yes,0
503,8,13,6,68.09,Monthly,0,2023-08-28,No,Medium,No,0
504,1,19,5,86.24,Quarterly,0,2025-06-08,Yes,Low,Yes,1
505,3,19,6,31.85,Quarterly,0,2023-12-29,Yes,Medium,No,0
506,13,14,0,48.89,Monthly,3,2025-04-01,Yes,Medium,No,1
507,28,4,0,59.78,Monthly,0,2024-01-24,Yes,Medium,Yes,0
508,25,13,7,111.95,Monthly,1,2024-10-14,Yes,High,No,0
509,33,8,4,119.33,Bi-Annual,1,2024-10-29,Yes,Low,No,0
510,6,19,12,24.49,Monthly,1,2023-10-26,No,High,No,0
511,32,12,1,96.1,Bi-Annual,0,2025-05-06,Yes,Low,Yes,1
512,21,18,11,57.17,Quarterly,1,2024-01-06,Yes,Medium,No,0
513,16,6,1,59.25,Monthly,1,2023-04-09,Yes,Low,Yes,0
514,21,18,10,95.43,Monthly,1,2023-02-16,No,High,Yes,0
515,11,19,8,111.84,Monthly,0,2025-04-18,Yes,Medium,Yes,1
516,36,5,2,115.09,Monthly,0,2024-02-26,No,Medium,No,0
517,35,9,5,77.71,Monthly,1,2024-04-24,Yes,Medium,Yes,0
518,19,3,0,55.71,Quarterly,0,2024-08-01,No,Medium,No,0
519,20,10,0,98.75,Bi-Annual,0,2023-03-03,Yes,Low,Yes,0
520,18,19,1,45.1,Monthly,0,2023-04-19,Yes,Low,Yes,0
521,14,3,1,76.41,Quarterly,2,2024-11-09,Yes,High,Yes,0
522,15,15,5,55.86,Monthly,1,2024-07-02,Yes,High,Yes,0
523,31,1,0,85.66,Monthly,0,2023-04-29,Yes,Low,No,0
524,1,7,1,44.04,Monthly,1,2024-08-20,No,High,Yes,0
525,3,12,0,39.16,Quarterly,1,2024-01-17,Yes,Low,Yes,0
526,16,17,9,111.82,Bi-Annual,2,2024-01-27,No,Medium,Yes,0
527,23,5,0,30.18,Quarterly,0,2023-02-21,No,Medium,Yes,0
528,11,4,0,70.6,Monthly,1,2024-08-25,Yes,High,Yes,0
529,12,12,1,42.09,Monthly,2,2023-10-16,No,Medium,No,0
530,10,18,5,23.89,Monthly,2,2023-12-03,Yes,Medium,No,0
531,32,17,8,23.6,Monthly,1,2025-03-20,Yes,Low,No,1
532,16,19,1,37.52,Quarterly,0,2023-07-23,No,Low,No,0
533,8,9,1,106.68,Quarterly,2,2025-05-29,Yes,High,No,1
534,12,4,1,48.25,Quarterly,1,2023-08-26,Yes,High,No,0
535,24,2,0,115.05,Monthly,0,2024-01-17,Yes,High,Yes,0
536,28,4,2,78.16,Monthly,1,2024-10-28,Yes,Low,Yes,0
537,8,2,0,63.66,Monthly,1,2025-01-21,No,Medium,Yes,0
538,28,15,6,78.01,Monthly,2,2023-05-16,Yes,High,Yes,0
539,36,2,0,71.67,Monthly,2,2024-02-11,Yes,Medium,Yes,0
540,26,4,1,95.88,Quarterly,1,2024-05-22,Yes,Medium,No,0
541,8,6,3,48.25,Quarterly,0,2023-12-28,Yes,Low,Yes,0
542,28,7,3,55.31,Monthly,0,2024-01-16,Yes,Medium,No,0
543,28,10,2,109.41,Monthly,0,2025-05-30,Yes,Medium,Yes,1
544,36,19,9,114.65,Monthly,0,2024-07-29,Yes,Medium,Yes,0
545,27,19,2,109.26,Monthly,1,2024-09-26,Yes,Medium,No,0
546,17,12,2,61.94,Quarterly,0,2023-09-11,No,High,No,0
547,9,3,0,98.04,Monthly,0,2024-04-21,Yes,High,Yes,0
548,33,13,0,67.63,Monthly,0,2023-04-24,No,Medium,No,0
549,20,18,6,69.75,Monthly,1,2023-01-20,No,High,No,0
550,13,8,4,40.47,Quarterly,2,2024-06-11,No,Medium,Yes,0
551,28,15,3,79.11,Monthly,1,2023-05-25,No,Medium,Yes,0
552,29,1,0,38.61,Monthly,2,2023-07-27,Yes,Low,No,0
553,13,3,1,53.16,Monthly,0,2024-06-14,Yes,Medium,No,0
554,35,8,3,105.5,Quarterly,1,2024-01-11,Yes,Medium,Yes,0
555,6,4,1,40.71,Bi-Annual,0,2024-05-18,Yes,Medium,No,0
556,18,16,3,27.12,Monthly,0,2025-06-22,No,Medium,Yes,1
557,5,10,5,26.9,Quarterly,0,2023-06-15,Yes,High,No,0
558,25,12,7,114.08,Bi-Annual,1,2024-07-03,No,Low,Yes,0
559,2,14,7,70.69,Bi-Annual,1,2023-06-30,Yes,High,No,0
560,10,14,4,60.94,Quarterly,0,2025-05-10,No,Medium,No,1
561,30,2,0,101.09,Quarterly,0,2024-09-08,Yes,Low,Yes,0
562,5,5,2,103.58,Monthly,1,2024-09-03,Yes,Medium,Yes,0
563,33,5,1,53.22,Quarterly,2,2024-08-24,Yes,Low,No,0
564,1,6,3,89.36,Monthly,1,2025-07-15,No,Medium,No,1
565,18,13,8,97.11,Quarterly,0,2025-03-22,Yes,Low,Yes,1
566,32,9,1,85.47,Monthly,2,2024-03-19,No,Low,Yes,0
567,11,15,9,35.16,Quarterly,3,2023-11-28,No,Low,No,0
568,21,14,0,107.59,Quarterly,1,2024-05-17,No,Low,No,0
569,26,7,1,73.91,Monthly,1,2025-07-01,Yes,Low,Yes,1
570,25,2,0,48.25,Quarterly,1,2023-03-20,No,Low,No,0
571,22,7,0,62.52,Monthly,0,2024-08-07,No,Medium,No,0
572,27,6,3,23.76,Quarterly,0,2025-07-23,Yes,High,Yes,1
573,13,17,2,32.79,Monthly,1,2025-07-26,Yes,Medium,Yes,1
574,33,2,0,96.55,Monthly,1,2024-11-18,Yes,Low,Yes,0
575,34,3,1,20.0,Bi-Annual,0,2024-01-31,Yes,Low,No,0
576,35,5,0,61.66,Monthly,0,2024-08-30,Yes,Low,No,0
577,1,5,1,72.25,Quarterly,1,2025-05-06,No,Low,No,1
578,21,1,0,25.46,Monthly,0,2023-04-13,Yes,High,Yes,0
579,6,8,3,117.31,Monthly,0,2024-02-06,Yes,Medium,Yes,0
580,28,12,2,42.61,Monthly,0,2023-08-12,No,Medium,No,0
581,17,4,1,50.42,Monthly,2,2024-06-01,Yes,High,Yes,0
582,5,13,6,50.39,Monthly,2,2024-09-25,No,Medium,No,0
583,31,15,3,43.04,Monthly,2,2023-08-24,Yes,Low,No,0
584,5,11,6,20.15,Monthly,0,2024-03-02,Yes,Low,Yes,0
585,3,10,0,92.93,Monthly,2,2023-04-26,Yes,Medium,Yes,0
586,23,3,0,116.68,Bi-Annual,0,2023-06-12,Yes,High,Yes,0
587,10,14,1,42.43,Bi-Annual,1,2023-08-14,Yes,Medium,Yes,0
588,10,16,10,86.3,Monthly,2,2023-08-18,No,Medium,No,0
589,19,10,2,94.19,Quarterly,1,2023-07-01,Yes,Medium,Yes,0
590,17,10,4,104.84,Monthly,0,2023-09-06,No,High,Yes,0
591,21,12,2,62.26,Quarterly,0,2023-11-14,Yes,Medium,No,0
592,14,9,2,50.29,Quarterly,2,2025-08-22,Yes,Medium,Yes,1
593,9,1,0,52.53,Bi-Annual,1,2023-07-29,Yes,Low,No,0
594,1,5,1,91.26,Monthly,1,2024-10-17,Yes,High,Yes,0
595,13,8,3,101.68,Quarterly,2,2024-01-27,No,High,Yes,0
596,4,11,3,38.16,Monthly,0,2025-05-06,No,High,Yes,1
597,1,12,8,57.09,Bi-Annual,1,2023-04-06,No,Medium,Yes,0
598,32,1,0,110.19,Monthly,0,2025-06-12,Yes,Medium,No,1
599,34,11,3,100.67,Quarterly,0,2025-05-07,Yes,Low,No,1
600,28,5,0,118.49,Quarterly,0,2025-01-25,Yes,Medium,Yes,0
601,31,15,4,95.42,Quarterly,1,2023-03-27,No,Medium,Yes,0
602,8,5,2,59.32,Monthly,2,2024-02-19,Yes,Medium,Yes,0
603,26,12,8,79.06,Bi-Annual,1,2024-01-29,Yes,Medium,Yes,0
604,34,5,2,86.1,Monthly,0,2024-11-26,Yes,High,Yes,0
605,3,17,7,27.85,Quarterly,1,2024-09-24,Yes,Medium,No,0
606,12,17,1,74.45,Monthly,0,2025-04-23,Yes,Low,No,1
607,1,12,3,90.93,Monthly,1,2024-05-15,Yes,Low,Yes,0
608,5,15,5,36.73,Monthly,0,2024-08-26,No,Low,No,0
609,30,15,1,98.06,Monthly,3,2024-08-04,No,Medium,No,0
610,30,6,2,78.38,Monthly,2,2025-07-04,Yes,Medium,Yes,1
611,17,12,2,115.22,Monthly,1,2023-05-13,Yes,Low,No,0
612,23,18,12,24.24,Monthly,0,2025-03-01,Yes,High,No,1
613,15,14,2,46.53,Quarterly,1,2024-10-10,No,High,Yes,0
614,21,2,0,80.16,Quarterly,1,2023-11-10,No,High,No,0
615,14,9,2,49.66,Monthly,2,2024-11-29,No,Medium,Yes,0
616,2,5,1,91.44,Monthly,0,2023-08-09,No,Medium,Yes,0
617,11,1,0,95.9,Monthly,2,2024-03-13,Yes,Medium,No,0
618,34,3,0,30.25,Monthly,0,2023-02-15,No,Medium,Yes,0
619,34,6,3,71.39,Quarterly,1,2025-02-28,Yes,Low,Yes,1
620,18,5,1,70.89,Quarterly,0,2023-07-11,Yes,High,Yes,0
621,30,5,0,56.93,Monthly,1,2024-06-03,No,Medium,No,0
622,15,1,0,113.29,Monthly,0,2024-01-14,Yes,Medium,No,0
623,27,17,11,102.75,Monthly,0,2025-02-26,Yes,Medium,No,1
624,34,19,0,89.72,Quarterly,0,2024-11-21,Yes,Medium,No,0
625,33,14,6,91.43,Bi-Annual,0,2023-11-30,Yes,Low,Yes,0
626,24,12,7,66.17,Monthly,1,2023-02-08,No,High,Yes,0
627,15,10,4,112.1,Monthly,0,2023-10-20,Yes,Low,No,0
628,30,18,11,89.46,Quarterly,0,2024-11-20,Yes,Medium,No,0
629,17,11,7,92.9,Bi-Annual,1,2023-06-11,Yes,High,Yes,0
630,5,2,0,106.17,Monthly,0,2023-11-27,Yes,Low,Yes,0
631,29,18,10,47.41,Monthly,2,2025-06-04,Yes,Medium,No,1
632,4,7,4,100.71,Monthly,2,2023-04-14,Yes,High,No,0
633,10,15,3,39.52,Monthly,0,2023-06-10,Yes,High,No,0
634,17,11,5,54.53,Monthly,1,2025-03-09,No,High,Yes,1
635,10,18,5,53.56,Monthly,1,2024-09-26,No,Medium,No,0
636,17,12,5,117.85,Monthly,0,2023-02-23,Yes,High,No,0
637,20,6,2,105.65,Monthly,1,2025-07-28,Yes,Medium,No,1
638,24,13,8,90.12,Quarterly,1,2023-02-03,Yes,High,No,0
639,5,16,11,92.71,Monthly,0,2023-08-30,No,Low,No,0
640,34,18,10,76.21,Monthly,0,2025-06-08,Yes,Low,No,1
641,6,10,5,114.71,Monthly,1,2023-04-23,No,Low,No,0
642,2,8,0,69.63,Monthly,0,2023-11-14,No,High,No,0
643,13,18,12,58.05,Bi-Annual,0,2023-01-23,No,Low,No,0
644,11,1,0,36.3,Monthly,1,2024-07-11,No,Medium,Yes,0
645,23,8,4,98.62,Monthly,0,2025-04-03,Yes,Low,No,1
646,16,6,0,93.44,Quarterly,0,2024-10-08,Yes,Medium,No,0
647,31,5,1,58.44,Monthly,0,2023-04-28,No,Medium,No,0
648,11,15,1,22.52,Bi-Annual,0,2024-12-01,Yes,Low,Yes,0
649,16,15,3,103.9,Monthly,0,2024-10-04,Yes,High,No,0
650,8,2,0,21.14,Monthly,1,2025-07-22,Yes,Medium,Yes,1
651,4,1,0,90.37,Monthly,0,2023-07-31,Yes,Low,No,0
652,4,11,3,117.03,Monthly,0,2024-02-22,No,Low,No,0
653,25,10,5,63.77,Quarterly,3,2023-04-23,Yes,Low,Yes,0
654,3,18,9,43.5,Quarterly,0,2023-02-13,Yes,Medium,No,0
655,32,18,10,90.49,Monthly,0,2023-05-08,No,Medium,Yes,0
656,3,17,6,101.71,Monthly,0,2025-05-25,No,High,Yes,1
657,27,8,2,74.64,Quarterly,1,2023-06-07,Yes,Medium,No,0
658,29,15,4,116.7,Bi-Annual,2,2025-02-23,Yes,Medium,Yes,0
659,32,8,0,25.17,Monthly,1,2025-04-06,Yes,Medium,Yes,1
660,19,17,2,70.48,Monthly,0,2024-01-29,Yes,High,Yes,0
661,21,12,0,91.85,Monthly,1,2025-05-16,Yes,Medium,Yes,1
662,5,8,3,106.26,Quarterly,0,2025-05-01,Yes,Low,No,1
663,18,14,8,37.93,Monthly,0,2024-05-26,No,Low,Yes,0
664,28,4,1,100.0,Monthly,2,2025-07-02,Yes,Low,No,1
665,22,1,0,75.27,Quarterly,1,2023-02-14,Yes,Low,Yes,0
666,21,1,0,59.66,Monthly,0,2023-04-18,Yes,Medium,Yes,0
667,6,19,9,33.17,Monthly,3,2023-08-07,Yes,Low,Yes,0
668,1,16,4,106.53,Monthly,1,2024-03-18,No,Medium,No,0
669,5,14,2,35.73,Monthly,1,2025-04-09,Yes,Low,No,1
670,12,16,11,50.98,Monthly,1,2023-11-11,Yes,Low,No,0
671,26,5,0,49.0,Monthly,0,2023-06-26,Yes,Low,No,0
672,34,9,0,107.14,Monthly,1,2023-08-16,No,Medium,Yes,0
673,14,2,0,87.27,Monthly,2,2024-12-03,Yes,High,No,0
674,26,18,3,99.67,Quarterly,1,2024-11-02,Yes,High,No,0
675,27,6,1,45.05,Quarterly,0,2025-06-24,Yes,High,Yes,1
676,9,9,1,82.49,Monthly,0,2023-09-24,No,High,Yes,0
677,26,1,0,77.17,Monthly,1,2025-05-19,Yes,High,No,1
678,22,9,5,103.28,Monthly,0,2025-04-17,Yes,Medium,Yes,1
679,30,16,2,110.61,Monthly,1,2024-01-14,Yes,Medium,No,0
680,17,13,8,21.22,Monthly,0,2024-05-03,Yes,Low,Yes,0
681,26,9,2,87.4,Quarterly,1,2024-12-02,No,Medium,Yes,0
682,36,13,1,25.18,Monthly,3,2024-11-17,No,Medium,No,0
683,1,9,3,74.89,Monthly,3,2023-10-17,Yes,Low,No,0
684,8,11,3,48.76,Monthly,2,2023-12-23,Yes,Medium,Yes,0
685,35,4,0,50.68,Quarterly,1,2024-10-18,Yes,Low,No,0
686,15,2,0,55.3,Monthly,1,2025-01-13,Yes,High,Yes,0
687,22,6,0,82.13,Quarterly,1,2025-05-21,Yes,High,Yes,1
688,14,14,7,53.4,Monthly,0,2025-08-07,Yes,Medium,No,1
689,26,4,1,93.27,Quarterly,0,2023-07-23,Yes,High,No,0
690,28,6,1,60.45,Quarterly,1,2023-08-01,Yes,Medium,Yes,0
691,23,19,2,26.84,Monthly,2,2024-07-05,No,Medium,Yes,0
692,14,6,3,98.38,Monthly,0,2025-02-25,No,Medium,No,1
693,24,2,0,48.58,Monthly,0,2023-11-19,No,High,Yes,0
694,2,18,11,63.28,Monthly,2,2024-08-16,Yes,Medium,No,0
695,26,13,4,88.54,Quarterly,0,2023-06-30,No,Medium,No,0
696,14,9,3,53.25,Quarterly,3,2024-05-13,Yes,Medium,Yes,0
697,7,19,7,25.66,Quarterly,0,2023-11-16,Yes,High,No,0
698,3,13,0,57.39,Quarterly,0,2023-03-24,No,High,No,0
699,23,11,4,114.44,Monthly,0,2023-10-30,Yes,High,Yes,0
700,18,1,0,84.17,Monthly,0,2023-09-19,Yes,High,Yes,0
701,35,7,2,87.15,Quarterly,0,2025-02-22,Yes,Low,Yes,0
702,15,15,3,83.23,Monthly,0,2023-07-19,Yes,High,No,0
703,25,1,0,39.9,Quarterly,0,2023-08-28,Yes,Low,No,0
704,28,12,1,61.83,Monthly,3,2025-07-02,Yes,Low,Yes,1
705,10,7,0,95.09,Monthly,0,2024-11-22,No,High,Yes,0
706,17,15,2,30.14,Bi-Annual,1,2025-08-01,Yes,Medium,Yes,1
707,22,19,1,47.79,Monthly,1,2024-11-13,Yes,Low,No,0
708,26,1,0,47.63,Bi-Annual,1,2023-10-22,Yes,Low,Yes,0
709,25,17,9,63.2,Bi-Annual,0,2024-05-26,Yes,Medium,No,0
710,17,17,10,118.04,Quarterly,1,2024-11-19,No,Low,Yes,0
711,13,3,0,26.75,Quarterly,2,2025-05-30,Yes,Low,No,1
712,20,12,6,71.87,Monthly,2,2024-01-31,Yes,Medium,No,0
713,25,6,3,37.94,Quarterly,2,2025-01-18,Yes,Low,No,0
714,4,11,7,117.07,Monthly,0,2023-05-18,No,Medium,Yes,0
715,10,3,1,31.33,Monthly,3,2025-04-18,No,Medium,No,1
716,3,8,0,60.36,Quarterly,0,2025-05-27,Yes,Low,Yes,1
717,18,14,4,93.79,Monthly,0,2025-04-02,Yes,Low,Yes,1
718,36,14,2,90.46,Monthly,2,2023-05-09,Yes,Medium,No,0
719,22,10,0,62.27,Monthly,0,2023-02-18,Yes,High,No,0
720,34,2,0,54.65,Monthly,0,2024-11-06,Yes,Medium,Yes,0
721,8,14,3,59.76,Quarterly,1,2025-02-27,No,Low,Yes,1
722,19,9,4,46.43,Monthly,1,2023-10-20,Yes,Medium,No,0
723,6,3,1,40.53,Bi-Annual,1,2024-09-19,No,Low,No,0
724,26,8,1,68.3,Quarterly,1,2024-06-19,Yes,Low,Yes,0
725,34,16,1,46.85,Quarterly,1,2023-11-07,Yes,Medium,No,0
726,6,2,0,48.75,Monthly,2,2024-06-20,Yes,High,Yes,0
727,33,6,2,85.68,Quarterly,0,2025-06-21,Yes,Medium,No,1
728,22,12,7,116.85,Monthly,0,2024-09-30,Yes,Medium,No,0
729,21,5,2,80.36,Quarterly,0,2023-08-22,Yes,Medium,Yes,0
730,6,2,0,27.7,Monthly,1,2023-07-28,Yes,Medium,No,0
731,6,16,6,27.56,Quarterly,3,2024-08-27,Yes,Medium,Yes,0
732,4,5,1,115.14,Bi-Annual,1,2023-04-04,Yes,Medium,No,0
733,30,15,8,49.73,Monthly,2,2023-11-23,Yes,Medium,No,0
734,11,12,3,29.21,Monthly,0,2023-08-13,Yes,Medium,No,0
735,30,4,0,79.9,Quarterly,2,2025-06-08,Yes,High,Yes,1
736,31,15,7,82.36,Monthly,1,2025-03-02,Yes,Medium,Yes,1
737,24,11,6,84.85,Quarterly,0,2023-01-11,Yes,Medium,Yes,0
738,9,16,6,46.74,Monthly,3,2023-11-25,No,Medium,No,0
739,3,6,3,21.51,Monthly,1,2023-01-12,No,High,No,0
740,31,14,2,116.5,Bi-Annual,0,2023-02-04,Yes,Low,No,0
741,36,18,3,45.09,Quarterly,1,2024-03-22,Yes,Medium,Yes,0
742,24,12,8,87.6,Quarterly,1,2024-03-27,Yes,Medium,No,0
743,31,11,6,90.66,Monthly,0,2025-01-09,No,Low,No,0
744,6,13,5,81.0,Quarterly,0,2023-08-08,Yes,Medium,No,0
745,2,11,6,51.29,Monthly,0,2024-03-16,Yes,Medium,Yes,0
746,20,16,4,47.11,Quarterly,0,2024-10-14,No,Low,Yes,0
747,28,15,2,79.77,Quarterly,2,2024-06-18,Yes,Low,No,0
748,11,15,8,106.61,Monthly,0,2024-08-17,Yes,Low,No,0
749,4,4,0,114.67,Monthly,2,2023-08-17,Yes,Low,Yes,0
750,15,11,4,30.59,Monthly,0,2025-07-23,Yes,High,No,1
751,6,19,13,35.48,Quarterly,1,2023-12-10,No,High,Yes,0
752,30,15,3,114.47,Monthly,0,2023-03-21,No,Medium,No,0
753,2,4,1,93.65,Quarterly,2,2023-12-19,Yes,Medium,No,0
754,15,13,3,108.3,Monthly,2,2024-01-31,Yes,Medium,Yes,0
755,11,19,11,40.26,Quarterly,0,2023-10-17,Yes,Low,No,0
756,8,2,0,78.76,Quarterly,0,2024-03-30,Yes,Medium,Yes,0
757,26,14,0,90.11,Monthly,0,2025-04-22,Yes,Medium,Yes,1
758,5,4,2,88.01,Monthly,3,2024-11-01,Yes,Low,No,0
759,6,16,8,60.82,Monthly,0,2023-05-08,Yes,Low,Yes,0
760,26,14,2,21.54,Quarterly,0,2024-12-02,Yes,Medium,Yes,0
761,4,15,1,78.29,Quarterly,2,2025-06-27,Yes,Low,Yes,1
762,19,3,0,45.31,Monthly,3,2024-06-26,Yes,Low,Yes,0
763,20,8,0,65.03,Quarterly,2,2025-06-16,Yes,Medium,Yes,1
764,33,16,5,115.76,Monthly,1,2023-12-25,Yes,High,Yes,0
765,20,10,2,59.9,Monthly,1,2024-06-10,Yes,High,No,0
766,12,4,2,103.98,Bi-Annual,1,2023-11-09,Yes,Medium,Yes,0
767,1,18,6,38.85,Monthly,1,2023-03-16,Yes,Medium,No,0
768,26,2,0,87.25,Monthly,0,2024-06-29,Yes,Low,Yes,0
769,14,17,10,117.7,Monthly,2,2025-05-20,Yes,Low,Yes,1
770,11,13,1,30.19,Monthly,0,2023-07-15,Yes,Low,Yes,0
771,36,4,1,20.83,Monthly,1,2025-04-22,Yes,Low,No,1
772,13,11,5,63.36,Monthly,1,2023-01-29,No,Low,No,0
773,3,7,3,29.26,Quarterly,1,2024-12-06,Yes,Medium,No,0
774,33,12,4,94.84,Monthly,0,2023-01-16,Yes,High,Yes,0
775,6,10,5,111.45,Monthly,1,2024-02-27,Yes,Low,No,0
776,10,7,2,63.4,Monthly,1,2024-08-11,Yes,Medium,Yes,0
777,5,13,2,45.87,Monthly,0,2025-03-15,Yes,Medium,Yes,1
778,23,7,2,63.44,Quarterly,0,2024-08-15,Yes,Medium,No,0
779,10,17,3,92.34,Bi-Annual,1,2024-02-09,Yes,Low,Yes,0
780,2,10,0,20.91,Monthly,0,2025-07-28,Yes,Medium,No,1
781,13,10,0,78.95,Quarterly,0,2024-09-27,Yes,Low,Yes,0
782,2,4,1,81.33,Monthly,1,2024-06-14,Yes,Medium,No,0
783,20,4,1,83.77,Monthly,1,2024-09-05,No,Medium,No,0
784,1,7,0,44.2,Monthly,1,2025-06-22,Yes,High,No,1
785,9,1,0,91.41,Monthly,2,2023-03-18,No,Low,Yes,0
786,17,12,2,29.14,Monthly,1,2023-08-17,No,High,Yes,0
787,9,13,2,39.93,Quarterly,2,2025-08-19,Yes,Low,No,1
788,11,10,2,107.75,Monthly,0,2023-10-24,Yes,High,Yes,0
789,15,15,9,93.87,Bi-Annual,0,2024-05-24,Yes,Medium,No,0
790,24,13,2,21.37,Monthly,0,2024-12-15,No,Medium,No,0
791,35,9,0,44.84,Monthly,0,2024-07-26,No,Medium,Yes,0
792,30,9,3,41.44,Quarterly,0,2024-06-21,Yes,High,No,0
793,31,15,3,47.08,Monthly,0,2024-08-05,No,Medium,No,0
794,5,10,4,44.76,Monthly,1,2024-09-06,Yes,Low,Yes,0
795,14,10,6,26.25,Quarterly,0,2023-11-22,Yes,Medium,Yes,0
796,11,8,5,65.89,Bi-Annual,1,2023-12-29,No,High,Yes,0
797,9,16,8,93.27,Quarterly,0,2024-10-30,No,Low,Yes,0
798,34,17,10,80.67,Quarterly,0,2025-05-24,Yes,High,No,1
799,12,5,2,87.29,Quarterly,2,2023-12-25,No,Medium,Yes,0
800,35,4,0,28.11,Bi-Annual,1,2024-12-06,No,Medium,No,0
801,35,18,11,115.15,Monthly,2,2025-02-25,No,Medium,Yes,1
802,1,19,2,103.85,Monthly,0,2023-11-20,No,Medium,No,0
803,22,4,2,100.51,Monthly,0,2024-11-28,No,Low,No,0
804,29,7,3,102.3,Monthly,1,2023-11-22,Yes,Medium,Yes,0
805,8,10,5,113.27,Quarterly,3,2024-09-16,No,Medium,Yes,0
806,11,18,7,74.43,Quarterly,4,2025-04-04,Yes,Medium,No,1
807,14,19,5,40.03,Monthly,0,2023-06-14,No,Low,No,0
808,30,4,0,81.68,Monthly,1,2024-07-26,Yes,Medium,Yes,0
809,35,10,4,94.29,Quarterly,2,2024-08-26,Yes,Low,Yes,0
810,21,1,0,93.79,Monthly,1,2025-03-08,Yes,Low,Yes,1
811,5,18,3,72.14,Quarterly,0,2024-03-30,Yes,Low,Yes,0
812,19,5,0,26.85,Monthly,0,2023-06-02,Yes,Low,No,0
813,14,15,8,57.11,Monthly,3,2025-01-06,No,High,No,0
814,26,17,0,112.08,Monthly,2,2023-05-07,No,Low,Yes,0
815,4,3,1,78.44,Monthly,0,2023-07-12,Yes,Medium,No,0
816,25,12,3,73.83,Quarterly,0,2024-09-18,No,Low,Yes,0
817,25,2,0,46.89,Bi-Annual,2,2025-02-12,No,Medium,No,0
818,18,1,0,56.84,Quarterly,0,2024-06-13,Yes,Low,Yes,0
819,8,17,8,109.53,Monthly,1,2023-01-10,Yes,Medium,Yes,0
820,14,16,10,86.65,Monthly,0,2023-04-02,No,Medium,Yes,0
821,32,5,0,98.74,Quarterly,1,2023-05-19,Yes,Low,Yes,0
822,33,15,2,65.43,Quarterly,1,2024-04-25,No,High,No,0
823,23,3,0,83.02,Monthly,1,2024-03-24,No,Medium,No,0
824,15,7,2,44.84,Monthly,1,2023-11-29,No,Medium,Yes,0
825,33,11,5,90.55,Quarterly,0,2025-05-18,Yes,Low,No,1
826,25,10,5,62.76,Monthly,1,2023-12-06,Yes,High,Yes,0
827,17,9,0,64.25,Monthly,2,2025-08-18,Yes,High,No,1
828,33,14,3,84.93,Monthly,0,2023-02-21,Yes,High,Yes,0
829,2,13,3,113.63,Monthly,3,2024-12-07,Yes,High,Yes,0
830,14,2,0,26.4,Quarterly,1,2024-04-10,Yes,Low,Yes,0
831,6,3,1,102.47,Bi-Annual,2,2024-12-18,Yes,Low,No,0
832,6,7,1,49.24,Monthly,0,2025-03-09,No,Medium,No,1
833,3,18,8,64.39,Monthly,0,2024-04-19,Yes,Medium,Yes,0
834,7,3,0,22.19,Monthly,0,2024-02-05,Yes,Low,Yes,0
835,8,10,5,50.1,Monthly,1,2024-03-14,Yes,High,Yes,0
836,15,7,0,70.26,Monthly,0,2025-05-27,Yes,Medium,No,1
837,29,9,4,25.62,Quarterly,0,2024-08-27,Yes,Medium,No,0
838,33,17,0,69.11,Monthly,2,2025-07-20,No,High,Yes,1
839,30,11,7,112.71,Monthly,0,2025-07-10,Yes,Medium,Yes,1
840,27,7,3,30.54,Monthly,2,2025-03-31,No,Medium,No,1
841,36,14,2,96.44,Monthly,0,2024-10-18,Yes,High,Yes,0
842,29,19,10,60.97,Monthly,0,2024-08-20,No,High,Yes,0
843,33,4,1,85.52,Monthly,0,2024-05-23,No,Low,Yes,0
844,27,6,1,46.02,Bi-Annual,2,2023-06-02,No,High,Yes,0
845,33,10,4,35.95,Monthly,1,2024-05-28,No,Low,No,0
846,4,7,4,36.05,Monthly,2,2024-05-17,No,High,No,0
847,22,13,4,27.05,Quarterly,0,2025-05-03,No,Low,Yes,1
848,2,14,3,38.56,Bi-Annual,1,2025-06-19,Yes,Low,No,1
849,10,4,0,86.42,Monthly,0,2025-02-10,Yes,Low,Yes,0
850,5,8,2,108.17,Quarterly,2,2024-11-06,Yes,Low,No,0
851,10,5,0,101.41,Monthly,1,2023-01-06,Yes,Medium,No,0
852,33,1,0,88.51,Monthly,2,2024-05-14,Yes,Medium,No,0
853,13,4,0,31.04,Monthly,0,2024-10-22,Yes,Medium,Yes,0
854,31,3,0,48.92,Quarterly,1,2024-12-17,No,High,Yes,0
855,36,9,0,50.98,Quarterly,0,2023-04-28,No,High,Yes,0
856,24,8,4,45.0,Monthly,0,2024-04-29,Yes,Low,No,0
857,15,1,0,71.5,Monthly,0,2024-08-23,Yes,Medium,Yes,0
858,29,6,0,73.56,Quarterly,0,2024-10-27,No,Medium,No,0
859,8,9,3,55.69,Monthly,1,2025-08-08,Yes,Low,No,1
860,5,7,2,55.38,Monthly,0,2024-11-09,No,Medium,No,0
861,29,4,0,102.86,Quarterly,1,2024-04-12,Yes,Medium,No,0
862,4,13,1,98.93,Quarterly,1,2023-06-10,Yes,Low,Yes,0
863,12,17,7,50.78,Quarterly,3,2023-09-27,Yes,High,Yes,0
864,2,2,0,111.38,Quarterly,1,2023-02-25,No,Medium,Yes,0
865,27,5,0,115.28,Monthly,0,2023-08-16,Yes,Low,No,0
866,31,12,7,52.67,Quarterly,0,2025-04-28,Yes,Low,Yes,1
867,36,8,4,55.44,Quarterly,1,2023-05-29,Yes,Low,No,0
868,36,6,2,70.56,Monthly,1,2023-02-15,Yes,Medium,Yes,0
869,26,8,3,114.11,Monthly,0,2023-05-24,No,Low,Yes,0
870,27,18,5,107.63,Monthly,1,2025-01-19,No,High,No,0
871,5,3,1,30.26,Monthly,1,2025-02-22,Yes,High,Yes,0
872,20,12,8,59.27,Quarterly,2,2024-09-23,Yes,Medium,Yes,0
873,11,3,0,75.34,Quarterly,0,2023-12-06,Yes,Medium,No,0
874,10,6,1,70.31,Monthly,2,2024-02-17,No,Medium,Yes,0
875,6,2,0,39.39,Monthly,0,2025-01-01,No,Medium,Yes,0
876,8,12,3,105.88,Bi-Annual,2,2024-06-03,Yes,High,Yes,0
877,23,2,0,87.69,Monthly,1,2023-12-10,No,Medium,Yes,0
878,26,6,0,103.79,Monthly,1,2024-01-22,Yes,Low,No,0
879,12,17,5,105.88,Monthly,2,2024-04-17,No,Medium,No,0
880,26,3,1,94.84,Monthly,2,2023-10-02,No,High,Yes,0
881,13,2,0,63.92,Monthly,1,2023-12-19,No,Medium,Yes,0
882,18,8,4,81.05,Monthly,1,2023-03-07,No,Medium,Yes,0
883,25,12,2,36.04,Monthly,0,2023-03-20,Yes,Medium,No,0
884,33,4,1,87.36,Monthly,1,2024-08-20,No,Medium,Yes,0
885,12,5,0,37.93,Monthly,1,2024-09-27,Yes,Medium,Yes,0
886,36,13,2,89.39,Monthly,2,2023-07-21,Yes,Low,No,0
887,4,15,3,42.96,Quarterly,1,2024-10-23,Yes,High,No,0
888,5,16,6,31.76,Quarterly,0,2024-07-11,No,Medium,Yes,0
889,8,10,6,36.53,Monthly,0,2023-04-23,Yes,Medium,Yes,0
890,28,16,11,20.2,Monthly,1,2023-04-01,Yes,Medium,Yes,0
891,31,12,3,91.87,Quarterly,1,2023-05-21,Yes,High,Yes,0
892,9,17,5,93.24,Monthly,0,2023-10-16,Yes,High,No,0
893,29,16,11,71.49,Monthly,0,2025-06-19,Yes,Medium,No,1
894,14,12,2,36.14,Quarterly,2,2024-12-30,No,Low,No,0
895,22,8,5,28.36,Quarterly,1,2024-08-11,No,Low,Yes,0
896,11,3,1,21.91,Quarterly,2,2024-02-15,Yes,Medium,Yes,0
897,23,16,1,36.57,Monthly,1,2024-01-12,No,Low,Yes,0
898,1,13,7,109.09,Quarterly,1,2024-01-19,No,High,Yes,0
899,21,19,1,44.15,Monthly,1,2025-04-25,Yes,Low,No,1
900,26,8,2,55.43,Quarterly,2,2023-06-01,No,Medium,Yes,0
901,36,5,2,30.53,Monthly,2,2025-04-14,No,Medium,Yes,1
902,23,8,0,42.24,Monthly,0,2025-01-20,Yes,Low,Yes,0
903,1,12,0,71.92,Quarterly,0,2024-09-18,Yes,Low,Yes,0
904,15,1,0,80.78,Monthly,1,2023-11-15,No,Low,Yes,0
905,21,6,3,44.54,Monthly,2,2024-01-04,Yes,High,No,0
906,9,18,6,25.77,Bi-Annual,0,2024-08-28,Yes,Low,Yes,0
907,9,8,5,59.1,Monthly,0,2024-07-13,Yes,Low,No,0
908,10,7,0,43.42,Monthly,0,2024-12-03,Yes,Medium,Yes,0
909,26,1,0,41.96,Monthly,0,2024-04-06,No,High,Yes,0
910,35,16,1,115.99,Quarterly,0,2023-01-12,Yes,High,No,0
911,25,12,0,81.63,Quarterly,2,2023-06-05,Yes,Low,Yes,0
912,26,6,0,75.69,Monthly,0,2024-11-14,Yes,Medium,No,0
913,11,2,0,61.58,Quarterly,0,2024-04-21,Yes,Medium,Yes,0
914,2,14,5,62.89,Monthly,2,2025-07-27,Yes,Medium,No,1
915,7,4,1,74.09,Quarterly,0,2024-02-05,Yes,Medium,No,0
916,18,1,0,89.64,Monthly,2,2025-03-18,No,Medium,No,1
917,27,18,10,90.21,Monthly,1,2023-06-26,Yes,Medium,No,0
918,34,13,7,37.17,Bi-Annual,0,2023-12-07,Yes,Low,No,0
919,27,2,0,70.01,Monthly,2,2023-02-26,Yes,Medium,Yes,0
920,17,9,2,61.2,Monthly,1,2025-05-04,Yes,Low,No,1
921,24,2,0,107.05,Monthly,1,2025-05-01,Yes,Medium,No,1
922,25,9,3,83.14,Bi-Annual,2,2024-03-23,Yes,High,Yes,0
923,7,1,0,73.25,Monthly,3,2023-07-22,No,Medium,Yes,0
924,6,11,1,31.54,Monthly,2,2024-11-27,Yes,Medium,No,0
925,24,3,0,80.56,Monthly,1,2024-09-24,No,Medium,Yes,0
926,33,4,0,31.72,Monthly,0,2025-01-07,Yes,Low,Yes,0
927,29,18,12,53.72,Monthly,1,2023-07-21,No,Medium,No,0
928,22,6,0,34.28,Quarterly,1,2023-11-26,Yes,High,Yes,0
929,26,3,0,89.21,Bi-Annual,1,2023-12-29,No,High,Yes,0
930,28,11,2,40.63,Monthly,0,2025-06-10,Yes,Medium,No,1
931,21,15,7,59.19,Monthly,0,2024-03-29,Yes,Low,Yes,0
932,7,5,1,109.57,Monthly,2,2023-12-22,Yes,Medium,No,0
933,17,10,2,40.43,Monthly,1,2023-08-04,No,Medium,Yes,0
934,20,12,3,70.78,Quarterly,1,2024-07-08,Yes,Medium,Yes,0
935,20,15,7,61.93,Monthly,1,2025-06-05,Yes,Medium,Yes,1
936,22,17,0,21.81,Monthly,1,2023-01-23,No,Medium,No,0
937,28,10,4,99.28,Quarterly,1,2023-06-04,Yes,High,Yes,0
938,7,6,0,26.9,Monthly,0,2023-07-05,No,Medium,Yes,0
939,1,18,5,67.43,Quarterly,1,2023-09-06,Yes,High,Yes,0
940,32,13,0,76.07,Monthly,2,2025-01-18,No,High,Yes,0
941,13,3,1,82.84,Quarterly,2,2025-03-15,Yes,Low,Yes,1
942,30,10,0,88.86,Bi-Annual,1,2023-05-14,Yes,High,Yes,0
943,23,14,7,45.33,Quarterly,3,2023-11-17,Yes,Low,No,0
944,19,6,2,21.0,Bi-Annual,1,2024-01-25,No,Low,Yes,0
945,32,3,1,92.34,Monthly,0,2024-03-09,Yes,Medium,No,0
946,30,16,11,73.57,Monthly,1,2023-01-22,Yes,Medium,No,0
947,29,7,0,103.61,Quarterly,0,2025-05-22,No,High,Yes,1
948,29,14,9,102.14,Monthly,0,2024-08-22,Yes,Low,Yes,0
949,30,9,4,104.33,Monthly,2,2024-10-26,No,Medium,No,0
950,16,15,4,68.51,Monthly,0,2023-05-05,No,Medium,No,0
951,19,3,0,53.36,Monthly,0,2023-03-20,No,High,Yes,0
952,18,2,0,99.16,Monthly,1,2025-05-07,No,Low,No,1
953,1,2,0,65.13,Monthly,1,2023-02-20,Yes,High,Yes,0
954,14,3,1,38.34,Quarterly,1,2024-12-28,Yes,Medium,Yes,0
955,2,18,9,105.5,Monthly,1,2023-06-25,No,Medium,Yes,0
956,28,14,5,108.26,Monthly,1,2025-05-19,Yes,High,No,1
957,30,18,8,66.63,Monthly,2,2023-09-10,Yes,Medium,No,0
958,4,10,0,27.57,Monthly,2,2023-09-03,No,Low,No,0
959,1,2,0,58.78,Quarterly,0,2025-01-08,Yes,Low,Yes,0
960,8,1,0,100.35,Monthly,0,2023-04-16,No,Low,Yes,0
961,29,4,0,110.18,Monthly,2,2023-07-12,No,Medium,Yes,0
962,3,14,0,40.35,Quarterly,1,2023-11-12,No,Medium,No,0
963,32,1,0,26.7,Monthly,3,2023-10-29,No,High,Yes,0
964,10,14,8,107.74,Monthly,0,2024-07-01,No,Medium,Yes,0
965,10,16,0,58.94,Monthly,1,2025-08-11,No,High,Yes,1
966,19,14,7,74.18,Bi-Annual,1,2024-12-16,Yes,Medium,No,0
967,34,3,0,116.81,Monthly,2,2025-07-22,Yes,Medium,Yes,1
968,33,3,0,26.66,Monthly,0,2025-02-17,No,Medium,Yes,0
969,23,9,2,84.83,Monthly,1,2023-09-25,No,Medium,Yes,0
970,28,6,2,27.41,Monthly,0,2023-06-19,Yes,Low,No,0
971,32,13,6,57.55,Monthly,1,2024-07-04,Yes,Medium,No,0
972,7,2,0,100.38,Monthly,0,2024-03-30,Yes,Low,No,0
973,29,8,0,63.35,Monthly,0,2024-10-12,Yes,Low,Yes,0
974,8,2,0,119.72,Bi-Annual,0,2023-10-19,No,Medium,Yes,0
975,1,4,2,75.91,Quarterly,1,2024-07-17,No,Medium,No,0
976,3,15,10,52.12,Monthly,0,2025-03-09,Yes,High,Yes,1
977,24,4,1,42.01,Quarterly,1,2025-03-11,Yes,Low,Yes,1
978,23,13,2,55.05,Monthly,0,2023-05-21,Yes,Medium,Yes,0
979,8,12,0,57.25,Monthly,0,2023-05-26,No,Low,No,0
980,3,13,7,26.87,Quarterly,1,2024-02-29,Yes,Medium,Yes,0
981,33,14,2,56.96,Quarterly,0,2023-11-10,Yes,Low,No,0
982,28,18,11,66.42,Quarterly,0,2023-07-03,Yes,Low,No,0
983,8,6,3,92.27,Monthly,1,2024-10-25,Yes,Medium,Yes,0
984,34,11,7,85.67,Bi-Annual,0,2024-12-13,Yes,Medium,Yes,0
985,35,2,0,90.88,Monthly,0,2023-05-08,Yes,Medium,No,0
986,32,19,12,20.84,Quarterly,1,2023-10-14,Yes,Medium,No,0
987,24,19,4,41.77,Bi-Annual,0,2025-04-02,Yes,Medium,No,1
988,14,5,0,86.17,Monthly,1,2023-09-10,Yes,Low,No,0
989,32,19,11,68.4,Quarterly,0,2025-02-16,No,Medium,Yes,0
990,16,2,0,20.53,Monthly,1,2024-11-30,No,Low,No,0
991,4,10,4,100.45,Monthly,1,2024-01-21,No,Low,Yes,0
992,21,2,0,97.28,Monthly,1,2023-08-18,No,Medium,No,0
993,14,11,7,74.84,Monthly,1,2023-09-28,Yes,Low,No,0
994,31,18,0,26.65,Bi-Annual,1,2025-02-09,Yes,Medium,No,0
995,18,15,9,96.65,Quarterly,1,2025-03-21,Yes,Low,No,1
996,7,9,3,78.37,Monthly,1,2024-02-19,No,Medium,No,0
997,10,19,9,98.2,Quarterly,0,2023-07-17,No,Medium,Yes,0
998,7,9,4,95.17,Bi-Annual,1,2023-11-19,Yes,Medium,No,0
999,33,3,1,100.3,Monthly,0,2023-02-25,Yes,Medium,Yes,0
1000,23,9,0,71.8,Bi-Annual,2,2025-04-10,Yes,Medium,No,1
